"","cluster_1","cluster_2","cluster_3","cluster_4","cluster_5"
"1","Phvul.001G001500","Phvul.001G006300","Phvul.001G012700","Phvul.001G093400","Phvul.001G009300"
"2","Phvul.001G020700","Phvul.001G017400","Phvul.001G012800","Phvul.001G160100","Phvul.001G015100"
"3","Phvul.001G026400","Phvul.001G230200","Phvul.001G083000","Phvul.001G160500","CUFF.109.2"
"4","Phvul.001G037100","CUFF.404.1","Phvul.001G125900","Phvul.001G173300","Phvul.001G060300"
"5","Phvul.001G039700","Phvul.002G025500","Phvul.001G168700","Phvul.001G247600","Phvul.001G088700"
"6","Phvul.001G043100","Phvul.002G104800","Phvul.001G177700","Phvul.001G248200","CUFF.678.1"
"7","Phvul.001G049600","Phvul.002G124500","Phvul.001G216300","Phvul.001G250300","Phvul.001G111700"
"8","Phvul.001G064000","Phvul.002G020900","Phvul.001G227900","Phvul.001G248300","Phvul.001G112100"
"9","Phvul.001G077000","CUFF.2526.1","Phvul.001G102300","Phvul.002G030900","CUFF.800.1"
"10","Phvul.001G082000","Phvul.003G006500","Phvul.001G146800","Phvul.002G158700","Phvul.001G135600"
"11","Phvul.001G082800","Phvul.003G011900","Phvul.001G168900","Phvul.002G200000","Phvul.001G151600"
"12","Phvul.001G085200","Phvul.003G036600","Phvul.001G192200","Phvul.002G261900","Phvul.001G154100"
"13","Phvul.001G100200","Phvul.003G152200","Phvul.001G202400","Phvul.002G278500","Phvul.001G164400"
"14","Phvul.001G107400","Phvul.003G277600","Phvul.001G202500","Phvul.002G057500","Phvul.001G176300"
"15","Phvul.001G110400","Phvul.003G004300","Phvul.001G229500","Phvul.002G196100","Phvul.001G220300"
"16","Phvul.001G111000","Phvul.003G005600","Phvul.001G246300","Phvul.002G200700","Phvul.001G230500"
"17","Phvul.001G114800","Phvul.003G046900","Phvul.002G022300","Phvul.002G200800","Phvul.001G243900"
"18","Phvul.001G126600","Phvul.003G120500","Phvul.002G039100","Phvul.002G221900","Phvul.001G251400"
"19","Phvul.001G131600","Phvul.004G062600","Phvul.002G039200","Phvul.003G005700","Phvul.001G252900"
"20","Phvul.001G146300","Phvul.004G086400","Phvul.002G063700","Phvul.003G039500","Phvul.001G267000"
"21","Phvul.001G147700","Phvul.004G101800","Phvul.002G151100","Phvul.003G056700","Phvul.001G001700"
"22","Phvul.001G184600","CUFF.5716.1","Phvul.002G188700","Phvul.003G206400","Phvul.001G055800"
"23","Phvul.001G185500","Phvul.004G134000","Phvul.002G203800","Phvul.003G212100","Phvul.001G076400"
"24","Phvul.001G185800","Phvul.004G134100","Phvul.002G218700","Phvul.003G015300","Phvul.001G117200"
"25","Phvul.001G197800","Phvul.004G129400","Phvul.002G225300","CUFF.3483.1","Phvul.001G131100"
"26","Phvul.001G205900","Phvul.004G133900","Phvul.002G260400","Phvul.003G030200","Phvul.001G165500"
"27","Phvul.001G213600","CUFF.6480.1","Phvul.002G327800","Phvul.003G041200","Phvul.001G167400"
"28","Phvul.001G215300","Phvul.005G125400","Phvul.002G022200","Phvul.003G070000","Phvul.001G225000"
"29","Phvul.001G219000","Phvul.005G017700","Phvul.002G038600","Phvul.003G151400","Phvul.001G253500"
"30","Phvul.001G221400","CUFF.6484.1","Phvul.002G038700","Phvul.003G218600","CUFF.258.1"
"31","Phvul.001G221700","CUFF.6519.1","Phvul.002G038800","Phvul.003G224800","Phvul.002G026800"
"32","Phvul.001G226600","Phvul.006G046000","Phvul.002G038900","Phvul.003G225100","Phvul.002G037900"
"33","Phvul.001G229600","Phvul.006G017400","Phvul.002G039000","Phvul.003G238700","Phvul.002G043800"
"34","Phvul.001G229700","Phvul.006G093600","Phvul.002G039300","Phvul.004G019900","Phvul.002G057800"
"35","Phvul.001G235800","Phvul.006G178600","Phvul.002G040100","Phvul.004G042800","Phvul.002G071900"
"36","Phvul.001G246200","Phvul.007G059700","Phvul.002G092100","CUFF.5253.1","Phvul.002G140100"
"37","Phvul.001G246900","Phvul.007G192800","Phvul.002G105800","Phvul.004G102700","Phvul.002G237900"
"38","Phvul.001G254300","Phvul.007G060000","Phvul.002G132200","Phvul.004G037200","Phvul.002G245500"
"39","Phvul.001G254400","Phvul.007G080400","Phvul.002G152700","Phvul.004G057100","Phvul.002G247600"
"40","Phvul.001G258000","Phvul.007G235300","Phvul.002G163500","Phvul.004G076100","Phvul.002G296300"
"41","Phvul.001G262400","Phvul.008G062900","Phvul.002G175900","Phvul.004G131000","Phvul.002G314300"
"42","Phvul.001G009700","Phvul.008G076600","Phvul.002G184300","Phvul.004G174300","Phvul.002G003000"
"43","Phvul.001G011800","Phvul.008G146200","Phvul.002G219400","Phvul.005G017600","Phvul.002G006200"
"44","Phvul.001G029100","Phvul.009G028700","Phvul.002G235900","Phvul.005G033800","Phvul.002G104500"
"45","Phvul.001G036700","Phvul.009G257600","Phvul.002G313600","CUFF.6193.1","Phvul.002G108900"
"46","Phvul.001G038400","Phvul.010G047900","Phvul.003G066500","Phvul.005G039100","Phvul.002G127300"
"47","Phvul.001G074200","Phvul.010G051100","Phvul.003G066600","Phvul.005G093900","Phvul.002G127400"
"48","Phvul.001G077400","CUFF.13298.1","Phvul.003G077400","CUFF.6186.1","Phvul.002G133900"
"49","Phvul.001G078400","Phvul.010G107400","Phvul.003G096300","Phvul.005G108500","Phvul.002G150000"
"50","Phvul.001G080700","Phvul.010G134200","CUFF.4006.1","Phvul.006G026300","Phvul.002G176300"
"51","Phvul.001G103300","Phvul.011G205200","Phvul.003G124200","Phvul.006G111600","Phvul.002G189700"
"52","Phvul.001G103800","Phvul.011G205300","Phvul.003G136200","Phvul.006G011100","Phvul.002G191300"
"53","Phvul.001G118300","Phvul.011G205600","CUFF.4301.2","Phvul.006G012300","Phvul.002G214300"
"54","Phvul.001G120700","Phvul.011G210400","Phvul.003G165100","Phvul.006G139100","Phvul.002G221300"
"55","Phvul.001G145800","Phvul.011G121200","Phvul.003G193600","Phvul.007G027700","Phvul.002G232200"
"56","Phvul.001G148000","Phvul.011G191900","CUFF.4616.1","Phvul.007G273000","Phvul.002G263700"
"57","Phvul.001G154500","Phvul.011G205400","Phvul.003G250100","Phvul.007G064800","Phvul.002G266300"
"58","Phvul.001G172900","Phvul.011G205500","Phvul.003G020000","Phvul.007G102100","Phvul.002G276600"
"59","Phvul.001G188900","Phvul.011G215700","Phvul.003G020900","Phvul.007G120000","Phvul.002G324500"
"60","Phvul.001G194700",NA,"Phvul.003G021900","Phvul.007G195100","Phvul.003G005800"
"61","Phvul.001G212700",NA,"Phvul.003G022100","Phvul.007G198800","Phvul.003G020800"
"62","Phvul.001G221500",NA,"Phvul.003G033700","Phvul.007G234800","Phvul.003G023000"
"63","Phvul.001G230300",NA,"Phvul.003G042300","Phvul.008G031700","Phvul.003G028300"
"64","Phvul.001G234300",NA,"Phvul.003G062600","Phvul.008G063400","Phvul.003G045700"
"65","Phvul.001G248400",NA,"Phvul.003G071300","Phvul.008G063700","Phvul.003G098100"
"66","Phvul.001G254200",NA,"Phvul.003G148600","Phvul.008G064500","Phvul.003G103100"
"67","Phvul.001G255500",NA,"Phvul.003G157100","Phvul.008G065000","Phvul.003G105800"
"68","Phvul.001G256200",NA,"Phvul.003G159600","CUFF.10045.1","Phvul.003G128800"
"69","Phvul.001G257300",NA,"Phvul.003G164900","Phvul.008G200900","Phvul.003G157600"
"70","Phvul.001G257400",NA,"Phvul.003G174200","Phvul.008G204900","Phvul.003G168600"
"71","Phvul.001G258200",NA,"Phvul.003G221100","Phvul.008G086800","Phvul.003G185600"
"72","Phvul.001G258300",NA,"Phvul.003G222400","Phvul.008G091000","Phvul.003G186700"
"73","Phvul.001G263300",NA,"Phvul.003G228400","Phvul.008G171300","Phvul.003G187800"
"74","Phvul.001G265600",NA,"Phvul.003G252400","Phvul.008G218900","Phvul.003G192500"
"75","CUFF.1199.1",NA,"Phvul.003G261900","Phvul.008G274700","Phvul.003G221300"
"76","Phvul.002G020200",NA,"CUFF.3889.1","Phvul.009G001700","Phvul.003G244200"
"77","Phvul.002G020600",NA,"Phvul.004G005800","Phvul.009G018100","Phvul.003G252700"
"78","CUFF.1676.1",NA,"Phvul.004G144400","Phvul.009G103900","Phvul.003G263300"
"79","Phvul.002G027900",NA,"Phvul.004G162300","Phvul.009G111800","Phvul.003G275100"
"80","Phvul.002G028400",NA,"Phvul.004G163300","Phvul.009G175600","Phvul.003G275700"
"81","Phvul.002G029700",NA,"Phvul.005G012400","Phvul.009G179600","Phvul.003G288100"
"82","Phvul.002G035300",NA,"Phvul.005G015500","Phvul.009G196900","Phvul.003G291500"
"83","Phvul.002G052800",NA,"Phvul.005G019300","Phvul.009G252900","Phvul.003G008900"
"84","Phvul.002G068000",NA,"CUFF.6192.1","Phvul.009G256400","Phvul.003G019100"
"85","CUFF.1904.2",NA,"Phvul.005G114100","Phvul.009G261700","Phvul.003G046100"
"86","Phvul.002G085500",NA,"Phvul.005G133800","Phvul.009G102000","Phvul.003G096700"
"87","Phvul.002G093100",NA,"Phvul.005G135200","Phvul.009G224200","Phvul.003G100200"
"88","Phvul.002G097000",NA,"Phvul.005G006600","Phvul.009G228200","Phvul.003G119100"
"89","Phvul.002G097100",NA,"Phvul.005G008200","Phvul.009G231200","Phvul.003G142700"
"90","Phvul.002G109000",NA,"Phvul.005G014100","Phvul.010G005800","Phvul.003G154200"
"91","Phvul.002G111300",NA,"Phvul.005G021200","Phvul.010G055800","Phvul.003G159500"
"92","Phvul.002G111400",NA,"Phvul.005G039300","Phvul.010G021900","Phvul.003G168800"
"93","CUFF.2210.1",NA,"CUFF.6647.3","CUFF.13054.1","Phvul.003G168900"
"94","Phvul.002G122200",NA,"Phvul.005G168900","Phvul.010G087500","Phvul.003G178200"
"95","Phvul.002G156900",NA,"Phvul.005G170900","Phvul.011G017700","Phvul.003G191600"
"96","Phvul.002G170200",NA,"CUFF.7093.1","CUFF.13822.1","Phvul.003G202300"
"97","Phvul.002G188600",NA,"Phvul.006G017800","Phvul.011G128700","Phvul.003G240800"
"98","Phvul.002G203700",NA,"Phvul.006G023200","Phvul.011G164800","Phvul.003G277000"
"99","Phvul.002G207500",NA,"Phvul.006G143800","Phvul.011G205000","Phvul.004G002000"
"100","Phvul.002G211000",NA,"Phvul.006G201800","Phvul.011G208700","Phvul.004G045000"
"101","Phvul.002G216400",NA,"Phvul.006G000100","Phvul.011G208800","Phvul.004G045600"
"102","Phvul.002G231500",NA,"Phvul.006G021700","CUFF.13821.1","Phvul.004G085100"
"103","Phvul.002G234300",NA,"Phvul.006G022500","Phvul.011G060300","Phvul.004G111400"
"104","Phvul.002G235600",NA,"CUFF.7186.1","Phvul.011G091300","Phvul.004G123200"
"105","Phvul.002G235700",NA,"Phvul.006G028700","Phvul.011G098000","Phvul.004G129100"
"106","Phvul.002G239300",NA,"Phvul.006G066200","Phvul.011G113200","Phvul.004G149000"
"107","Phvul.002G261700",NA,"Phvul.006G097300","Phvul.011G182200","Phvul.004G001700"
"108","Phvul.002G270700",NA,"Phvul.006G114800","CUFF.14745.1","Phvul.004G002100"
"109","Phvul.002G283100",NA,"Phvul.006G143700","Phvul.011G208100","Phvul.004G006500"
"110","Phvul.002G301600",NA,"Phvul.006G148200","Phvul.011G211800","Phvul.004G011600"
"111","Phvul.002G316200",NA,"Phvul.006G167800","Phvul.L004600","Phvul.004G017600"
"112","Phvul.002G330700",NA,"Phvul.006G175500",NA,"Phvul.004G019400"
"113","Phvul.002G018600",NA,"Phvul.006G198600",NA,"Phvul.004G022500"
"114","Phvul.002G021800",NA,"Phvul.007G008500",NA,"Phvul.004G026600"
"115","Phvul.002G023300",NA,"Phvul.007G032900",NA,"Phvul.004G032900"
"116","Phvul.002G026400",NA,"Phvul.007G171300",NA,"Phvul.004G034200"
"117","Phvul.002G029900",NA,"Phvul.007G195200",NA,"Phvul.004G038800"
"118","Phvul.002G030500",NA,"Phvul.007G211000",NA,"Phvul.004G086800"
"119","Phvul.002G031100",NA,"Phvul.007G226800",NA,"Phvul.004G100900"
"120","Phvul.002G048400",NA,"Phvul.007G008600",NA,"Phvul.004G108900"
"121","Phvul.002G052600",NA,"Phvul.007G045600",NA,"Phvul.005G021900"
"122","Phvul.002G084500",NA,"Phvul.007G072200",NA,"Phvul.005G025000"
"123","Phvul.002G107300",NA,"CUFF.8837.2",NA,"Phvul.005G045500"
"124","Phvul.002G107700",NA,"Phvul.007G150500",NA,"Phvul.005G092900"
"125","Phvul.002G111900",NA,"Phvul.007G269200",NA,"Phvul.005G139000"
"126","Phvul.002G132800",NA,"Phvul.008G016600",NA,"Phvul.005G019000"
"127","Phvul.002G140800",NA,"Phvul.008G041800",NA,"Phvul.005G022000"
"128","Phvul.002G143100",NA,"Phvul.008G094900",NA,"Phvul.005G023400"
"129","Phvul.002G144800",NA,"Phvul.008G108000",NA,"Phvul.005G045700"
"130","Phvul.002G158800",NA,"Phvul.008G152300",NA,"Phvul.005G055300"
"131","Phvul.002G184400",NA,"Phvul.008G184800",NA,"Phvul.005G055500"
"132","Phvul.002G189000",NA,"Phvul.008G186600",NA,"Phvul.005G073200"
"133","Phvul.002G201700",NA,"Phvul.008G191200",NA,"Phvul.005G079200"
"134","Phvul.002G211100",NA,"Phvul.008G202900",NA,"Phvul.005G180200"
"135","Phvul.002G214100",NA,"Phvul.008G204400",NA,"Phvul.006G005300"
"136","Phvul.002G215000",NA,"Phvul.008G243500",NA,"Phvul.006G043300"
"137","Phvul.002G239800",NA,"Phvul.008G247400",NA,"Phvul.006G060500"
"138","Phvul.002G243300",NA,"Phvul.008G282800",NA,"Phvul.006G113000"
"139","Phvul.002G250600",NA,"Phvul.008G020200",NA,"Phvul.006G216100"
"140","Phvul.002G250700",NA,"Phvul.008G032000",NA,"Phvul.006G007400"
"141","Phvul.002G258500",NA,"Phvul.008G103400",NA,"Phvul.006G027800"
"142","Phvul.002G261800",NA,"Phvul.008G104100",NA,"Phvul.006G027900"
"143","Phvul.002G263100",NA,"Phvul.008G115600",NA,"Phvul.006G033500"
"144","Phvul.002G269900",NA,"Phvul.008G121300",NA,"CUFF.7392.2"
"145","CUFF.3067.5",NA,"Phvul.008G169400",NA,"Phvul.006G096100"
"146","Phvul.002G280400",NA,"Phvul.008G197000",NA,"Phvul.006G097700"
"147","Phvul.002G287800",NA,"Phvul.008G279800",NA,"Phvul.006G121700"
"148","Phvul.002G289100",NA,"CUFF.10628.1",NA,"Phvul.006G143500"
"149","Phvul.002G304500",NA,"Phvul.009G032300",NA,"Phvul.006G153200"
"150","Phvul.002G306000",NA,"Phvul.009G069600",NA,"Phvul.006G167700"
"151","Phvul.002G326600",NA,"Phvul.009G070200",NA,"Phvul.006G185600"
"152","Phvul.002G327700",NA,"Phvul.009G130300",NA,"Phvul.007G055400"
"153","Phvul.002G332100",NA,"Phvul.009G135200",NA,"Phvul.007G081100"
"154","CUFF.1900.1",NA,"Phvul.009G158200",NA,"Phvul.007G094200"
"155","CUFF.3086.1",NA,"Phvul.009G201600",NA,"CUFF.8811.3"
"156","Phvul.003G005200",NA,"Phvul.009G244100",NA,"CUFF.8882.1"
"157","Phvul.003G006400",NA,"Phvul.009G260800",NA,"Phvul.007G144400"
"158","Phvul.003G010000",NA,"Phvul.009G262400",NA,"Phvul.007G145500"
"159","Phvul.003G011500",NA,"Phvul.009G114600",NA,"Phvul.007G160700"
"160","Phvul.003G011800",NA,"Phvul.009G143100",NA,"Phvul.007G174000"
"161","Phvul.003G015700",NA,"Phvul.009G149500",NA,"Phvul.007G175300"
"162","Phvul.003G019700",NA,"Phvul.009G192400",NA,"Phvul.007G183300"
"163","Phvul.003G020500",NA,"CUFF.13096.1",NA,"Phvul.007G260200"
"164","Phvul.003G020700",NA,"Phvul.010G120800",NA,"Phvul.007G267500"
"165","Phvul.003G021000",NA,"Phvul.010G158200",NA,"Phvul.007G024600"
"166","Phvul.003G021400",NA,"CUFF.13224.1",NA,"Phvul.007G070600"
"167","Phvul.003G024000",NA,"CUFF.13049.1",NA,"Phvul.007G079200"
"168","Phvul.003G024900",NA,"CUFF.13066.1",NA,"Phvul.007G080800"
"169","Phvul.003G025900",NA,"Phvul.011G046300",NA,"Phvul.007G093100"
"170","Phvul.003G027500",NA,"Phvul.011G100400",NA,"CUFF.8757.3"
"171","Phvul.003G028400",NA,"CUFF.14263.2",NA,"CUFF.8758.2"
"172","Phvul.003G028600",NA,"Phvul.011G015800",NA,"Phvul.007G138300"
"173","Phvul.003G029700",NA,"Phvul.011G089600",NA,"Phvul.007G142700"
"174","Phvul.003G060300",NA,"Phvul.011G105600",NA,"Phvul.007G144000"
"175","Phvul.003G080400",NA,"Phvul.011G123600",NA,"Phvul.007G215600"
"176","Phvul.003G090100",NA,"CUFF.14412.5",NA,"Phvul.007G218500"
"177","Phvul.003G101200",NA,"CUFF.14524.1",NA,"Phvul.008G013700"
"178","Phvul.003G127500",NA,"Phvul.L002000",NA,"Phvul.008G020600"
"179","Phvul.003G142000",NA,"Phvul.L005700",NA,"Phvul.008G074600"
"180","Phvul.003G147700",NA,"Phvul.L005900",NA,"Phvul.008G123200"
"181","Phvul.003G150200",NA,NA,NA,"Phvul.008G166900"
"182","Phvul.003G153200",NA,NA,NA,"Phvul.008G170800"
"183","Phvul.003G157000",NA,NA,NA,"Phvul.008G176200"
"184","Phvul.003G158800",NA,NA,NA,"Phvul.008G188200"
"185","Phvul.003G162200",NA,NA,NA,"Phvul.008G199800"
"186","Phvul.003G163200",NA,NA,NA,"Phvul.008G212400"
"187","CUFF.4339.2",NA,NA,NA,"Phvul.008G242400"
"188","Phvul.003G168700",NA,NA,NA,"Phvul.008G243900"
"189","Phvul.003G177700",NA,NA,NA,"Phvul.008G248800"
"190","Phvul.003G179100",NA,NA,NA,"Phvul.008G003900"
"191","Phvul.003G180100",NA,NA,NA,"Phvul.008G025700"
"192","Phvul.003G180600",NA,NA,NA,"Phvul.008G031600"
"193","Phvul.003G181400",NA,NA,NA,"Phvul.008G059100"
"194","Phvul.003G182400",NA,NA,NA,"Phvul.008G061000"
"195","Phvul.003G183200",NA,NA,NA,"Phvul.008G139000"
"196","Phvul.003G184200",NA,NA,NA,"Phvul.008G142400"
"197","Phvul.003G184300",NA,NA,NA,"Phvul.008G145400"
"198","Phvul.003G192900",NA,NA,NA,"Phvul.008G183200"
"199","CUFF.4512.2",NA,NA,NA,"Phvul.008G191300"
"200","Phvul.003G197400",NA,NA,NA,"Phvul.009G022200"
"201","Phvul.003G199200",NA,NA,NA,"Phvul.009G026400"
"202","Phvul.003G199900",NA,NA,NA,"Phvul.009G029600"
"203","Phvul.003G203900",NA,NA,NA,"Phvul.009G033900"
"204","Phvul.003G204400",NA,NA,NA,"Phvul.009G034700"
"205","Phvul.003G205700",NA,NA,NA,"Phvul.009G034900"
"206","Phvul.003G207200",NA,NA,NA,"Phvul.009G035200"
"207","Phvul.003G208300",NA,NA,NA,"Phvul.009G048100"
"208","Phvul.003G215600",NA,NA,NA,"Phvul.009G130100"
"209","Phvul.003G220400",NA,NA,NA,"Phvul.009G166400"
"210","Phvul.003G230100",NA,NA,NA,"Phvul.009G203500"
"211","Phvul.003G231100",NA,NA,NA,"Phvul.009G035500"
"212","Phvul.003G237800",NA,NA,NA,"Phvul.009G049600"
"213","Phvul.003G249200",NA,NA,NA,"Phvul.009G091500"
"214","Phvul.003G249600",NA,NA,NA,"Phvul.009G099400"
"215","Phvul.003G249800",NA,NA,NA,"Phvul.009G099700"
"216","Phvul.003G251300",NA,NA,NA,"Phvul.009G119700"
"217","Phvul.003G271400",NA,NA,NA,"Phvul.009G121200"
"218","Phvul.003G271800",NA,NA,NA,"Phvul.009G128300"
"219","Phvul.003G007200",NA,NA,NA,"Phvul.009G139100"
"220","Phvul.003G007600",NA,NA,NA,"Phvul.009G177400"
"221","Phvul.003G011100",NA,NA,NA,"Phvul.009G178000"
"222","Phvul.003G012800",NA,NA,NA,"Phvul.009G180900"
"223","Phvul.003G015200",NA,NA,NA,"Phvul.009G184400"
"224","Phvul.003G020300",NA,NA,NA,"Phvul.009G195600"
"225","Phvul.003G021600",NA,NA,NA,"Phvul.009G202700"
"226","Phvul.003G022000",NA,NA,NA,"Phvul.009G207000"
"227","Phvul.003G030800",NA,NA,NA,"Phvul.009G216500"
"228","Phvul.003G031200",NA,NA,NA,"Phvul.009G229300"
"229","Phvul.003G031400",NA,NA,NA,"Phvul.009G247700"
"230","Phvul.003G034400",NA,NA,NA,"Phvul.009G253500"
"231","CUFF.3583.1",NA,NA,NA,"Phvul.010G056800"
"232","CUFF.3589.1",NA,NA,NA,"Phvul.010G082300"
"233","Phvul.003G045600",NA,NA,NA,"Phvul.010G085000"
"234","Phvul.003G064700",NA,NA,NA,"Phvul.010G094800"
"235","Phvul.003G076000",NA,NA,NA,"Phvul.010G098300"
"236","Phvul.003G080800",NA,NA,NA,"Phvul.010G108300"
"237","Phvul.003G081700",NA,NA,NA,"Phvul.010G129100"
"238","Phvul.003G085400",NA,NA,NA,"Phvul.010G136800"
"239","Phvul.003G091600",NA,NA,NA,"Phvul.010G140300"
"240","Phvul.003G096800",NA,NA,NA,"Phvul.010G155300"
"241","Phvul.003G109000",NA,NA,NA,"Phvul.010G163400"
"242","Phvul.003G109100",NA,NA,NA,"Phvul.010G053300"
"243","Phvul.003G110400",NA,NA,NA,"Phvul.010G058000"
"244","Phvul.003G111800",NA,NA,NA,"Phvul.010G099000"
"245","Phvul.003G112900",NA,NA,NA,"Phvul.010G100400"
"246","Phvul.003G151600",NA,NA,NA,"Phvul.010G115000"
"247","Phvul.003G154800",NA,NA,NA,"Phvul.010G117100"
"248","Phvul.003G163300",NA,NA,NA,"Phvul.010G123500"
"249","Phvul.003G167800",NA,NA,NA,"Phvul.010G134100"
"250","Phvul.003G168000",NA,NA,NA,"Phvul.010G152900"
"251","Phvul.003G169800",NA,NA,NA,"Phvul.010G157900"
"252","Phvul.003G172500",NA,NA,NA,"Phvul.011G009900"
"253","Phvul.003G182000",NA,NA,NA,"Phvul.011G023600"
"254","Phvul.003G182700",NA,NA,NA,"Phvul.011G033900"
"255","Phvul.003G192700",NA,NA,NA,"Phvul.011G035200"
"256","Phvul.003G193000",NA,NA,NA,"Phvul.011G079600"
"257","Phvul.003G194100",NA,NA,NA,"Phvul.011G014200"
"258","Phvul.003G196300",NA,NA,NA,"Phvul.011G015700"
"259","Phvul.003G196500",NA,NA,NA,"Phvul.011G033400"
"260","Phvul.003G207400",NA,NA,NA,"Phvul.011G050300"
"261","Phvul.003G219200",NA,NA,NA,"Phvul.011G085300"
"262","Phvul.003G263600",NA,NA,NA,"CUFF.14356.1"
"263","Phvul.003G263900",NA,NA,NA,"Phvul.011G214200"
"264","Phvul.003G267100",NA,NA,NA,"Phvul.L008000"
"265","Phvul.003G267200",NA,NA,NA,NA
"266","Phvul.003G276600",NA,NA,NA,NA
"267","Phvul.003G286600",NA,NA,NA,NA
"268","CUFF.3677.1",NA,NA,NA,NA
"269","CUFF.4230.1",NA,NA,NA,NA
"270","CUFF.4368.1",NA,NA,NA,NA
"271","CUFF.4969.1",NA,NA,NA,NA
"272","Phvul.004G031400",NA,NA,NA,NA
"273","Phvul.004G035000",NA,NA,NA,NA
"274","Phvul.004G042600",NA,NA,NA,NA
"275","Phvul.004G046500",NA,NA,NA,NA
"276","Phvul.004G048800",NA,NA,NA,NA
"277","Phvul.004G053600",NA,NA,NA,NA
"278","Phvul.004G056600",NA,NA,NA,NA
"279","Phvul.004G073400",NA,NA,NA,NA
"280","Phvul.004G078400",NA,NA,NA,NA
"281","Phvul.004G090200",NA,NA,NA,NA
"282","Phvul.004G090800",NA,NA,NA,NA
"283","Phvul.004G093000",NA,NA,NA,NA
"284","Phvul.004G094500",NA,NA,NA,NA
"285","Phvul.004G094600",NA,NA,NA,NA
"286","Phvul.004G094700",NA,NA,NA,NA
"287","Phvul.004G097500",NA,NA,NA,NA
"288","Phvul.004G097700",NA,NA,NA,NA
"289","Phvul.004G100800",NA,NA,NA,NA
"290","Phvul.004G111500",NA,NA,NA,NA
"291","Phvul.004G111900",NA,NA,NA,NA
"292","Phvul.004G117100",NA,NA,NA,NA
"293","Phvul.004G117600",NA,NA,NA,NA
"294","Phvul.004G119400",NA,NA,NA,NA
"295","CUFF.5724.1",NA,NA,NA,NA
"296","Phvul.004G122000",NA,NA,NA,NA
"297","Phvul.004G127500",NA,NA,NA,NA
"298","Phvul.004G130100",NA,NA,NA,NA
"299","Phvul.004G142400",NA,NA,NA,NA
"300","Phvul.004G157900",NA,NA,NA,NA
"301","Phvul.004G174600",NA,NA,NA,NA
"302","Phvul.004G174800",NA,NA,NA,NA
"303","Phvul.004G006700",NA,NA,NA,NA
"304","Phvul.004G012500",NA,NA,NA,NA
"305","Phvul.004G023100",NA,NA,NA,NA
"306","Phvul.004G031300",NA,NA,NA,NA
"307","CUFF.5219.1",NA,NA,NA,NA
"308","Phvul.004G035700",NA,NA,NA,NA
"309","Phvul.004G041400",NA,NA,NA,NA
"310","Phvul.004G064700",NA,NA,NA,NA
"311","Phvul.004G079500",NA,NA,NA,NA
"312","Phvul.004G098300",NA,NA,NA,NA
"313","Phvul.004G104200",NA,NA,NA,NA
"314","Phvul.004G114300",NA,NA,NA,NA
"315","Phvul.004G118200",NA,NA,NA,NA
"316","Phvul.004G128200",NA,NA,NA,NA
"317","Phvul.004G145500",NA,NA,NA,NA
"318","Phvul.004G156000",NA,NA,NA,NA
"319","Phvul.004G158800",NA,NA,NA,NA
"320","Phvul.004G159900",NA,NA,NA,NA
"321","Phvul.004G161500",NA,NA,NA,NA
"322","Phvul.004G163600",NA,NA,NA,NA
"323","Phvul.004G177100",NA,NA,NA,NA
"324","CUFF.5406.1",NA,NA,NA,NA
"325","CUFF.5501.1",NA,NA,NA,NA
"326","CUFF.5889.1",NA,NA,NA,NA
"327","Phvul.005G002400",NA,NA,NA,NA
"328","Phvul.005G013800",NA,NA,NA,NA
"329","Phvul.005G018000",NA,NA,NA,NA
"330","Phvul.005G018400",NA,NA,NA,NA
"331","Phvul.005G019500",NA,NA,NA,NA
"332","Phvul.005G020800",NA,NA,NA,NA
"333","Phvul.005G023600",NA,NA,NA,NA
"334","Phvul.005G025500",NA,NA,NA,NA
"335","Phvul.005G051600",NA,NA,NA,NA
"336","Phvul.005G055100",NA,NA,NA,NA
"337","Phvul.005G055200",NA,NA,NA,NA
"338","Phvul.005G083400",NA,NA,NA,NA
"339","Phvul.005G086000",NA,NA,NA,NA
"340","Phvul.005G086600",NA,NA,NA,NA
"341","Phvul.005G088600",NA,NA,NA,NA
"342","Phvul.005G096300",NA,NA,NA,NA
"343","Phvul.005G099700",NA,NA,NA,NA
"344","Phvul.005G100700",NA,NA,NA,NA
"345","Phvul.005G118300",NA,NA,NA,NA
"346","Phvul.005G134200",NA,NA,NA,NA
"347","CUFF.6774.3",NA,NA,NA,NA
"348","Phvul.005G136400",NA,NA,NA,NA
"349","Phvul.005G172900",NA,NA,NA,NA
"350","Phvul.005G177800",NA,NA,NA,NA
"351","Phvul.005G016000",NA,NA,NA,NA
"352","Phvul.005G016700",NA,NA,NA,NA
"353","Phvul.005G017100",NA,NA,NA,NA
"354","Phvul.005G019100",NA,NA,NA,NA
"355","Phvul.005G027300",NA,NA,NA,NA
"356","Phvul.005G042200",NA,NA,NA,NA
"357","Phvul.005G042700",NA,NA,NA,NA
"358","Phvul.005G042900",NA,NA,NA,NA
"359","CUFF.6289.1",NA,NA,NA,NA
"360","Phvul.005G054500",NA,NA,NA,NA
"361","Phvul.005G057400",NA,NA,NA,NA
"362","Phvul.005G058900",NA,NA,NA,NA
"363","Phvul.005G073300",NA,NA,NA,NA
"364","Phvul.005G078500",NA,NA,NA,NA
"365","Phvul.005G083700",NA,NA,NA,NA
"366","Phvul.005G083900",NA,NA,NA,NA
"367","Phvul.005G085900",NA,NA,NA,NA
"368","Phvul.005G100400",NA,NA,NA,NA
"369","Phvul.005G107900",NA,NA,NA,NA
"370","Phvul.005G108300",NA,NA,NA,NA
"371","Phvul.005G124200",NA,NA,NA,NA
"372","Phvul.005G138000",NA,NA,NA,NA
"373","Phvul.005G138100",NA,NA,NA,NA
"374","Phvul.005G166700",NA,NA,NA,NA
"375","Phvul.005G173600",NA,NA,NA,NA
"376","Phvul.005G174800",NA,NA,NA,NA
"377","Phvul.005G182100",NA,NA,NA,NA
"378","CUFF.6563.1",NA,NA,NA,NA
"379","Phvul.006G003300",NA,NA,NA,NA
"380","Phvul.006G018800",NA,NA,NA,NA
"381","Phvul.006G028100",NA,NA,NA,NA
"382","Phvul.006G028500",NA,NA,NA,NA
"383","Phvul.006G028800",NA,NA,NA,NA
"384","Phvul.006G029100",NA,NA,NA,NA
"385","Phvul.006G039800",NA,NA,NA,NA
"386","Phvul.006G042800",NA,NA,NA,NA
"387","Phvul.006G047400",NA,NA,NA,NA
"388","Phvul.006G050900",NA,NA,NA,NA
"389","Phvul.006G069600",NA,NA,NA,NA
"390","Phvul.006G102200",NA,NA,NA,NA
"391","Phvul.006G112800",NA,NA,NA,NA
"392","Phvul.006G116100",NA,NA,NA,NA
"393","Phvul.006G122400",NA,NA,NA,NA
"394","Phvul.006G125400",NA,NA,NA,NA
"395","Phvul.006G133600",NA,NA,NA,NA
"396","Phvul.006G147800",NA,NA,NA,NA
"397","Phvul.006G150100",NA,NA,NA,NA
"398","Phvul.006G155500",NA,NA,NA,NA
"399","Phvul.006G166100",NA,NA,NA,NA
"400","Phvul.006G175000",NA,NA,NA,NA
"401","Phvul.006G175200",NA,NA,NA,NA
"402","Phvul.006G181900",NA,NA,NA,NA
"403","Phvul.006G202500",NA,NA,NA,NA
"404","CUFF.8101.1",NA,NA,NA,NA
"405","Phvul.006G207700",NA,NA,NA,NA
"406","Phvul.006G214500",NA,NA,NA,NA
"407","Phvul.006G013500",NA,NA,NA,NA
"408","Phvul.006G017100",NA,NA,NA,NA
"409","Phvul.006G022700",NA,NA,NA,NA
"410","Phvul.006G023700",NA,NA,NA,NA
"411","Phvul.006G037200",NA,NA,NA,NA
"412","Phvul.006G054500",NA,NA,NA,NA
"413","Phvul.006G069300",NA,NA,NA,NA
"414","Phvul.006G076600",NA,NA,NA,NA
"415","Phvul.006G087500",NA,NA,NA,NA
"416","Phvul.006G094100",NA,NA,NA,NA
"417","Phvul.006G127300",NA,NA,NA,NA
"418","Phvul.006G141200",NA,NA,NA,NA
"419","Phvul.006G151500",NA,NA,NA,NA
"420","Phvul.006G153400",NA,NA,NA,NA
"421","Phvul.006G168800",NA,NA,NA,NA
"422","Phvul.006G171000",NA,NA,NA,NA
"423","Phvul.006G175100",NA,NA,NA,NA
"424","Phvul.006G177400",NA,NA,NA,NA
"425","Phvul.006G178100",NA,NA,NA,NA
"426","Phvul.006G192700",NA,NA,NA,NA
"427","Phvul.006G209500",NA,NA,NA,NA
"428","CUFF.7066.1",NA,NA,NA,NA
"429","Phvul.007G002400",NA,NA,NA,NA
"430","Phvul.007G010900",NA,NA,NA,NA
"431","Phvul.007G023700",NA,NA,NA,NA
"432","Phvul.007G032800",NA,NA,NA,NA
"433","CUFF.8371.1",NA,NA,NA,NA
"434","Phvul.007G057600",NA,NA,NA,NA
"435","Phvul.007G074300",NA,NA,NA,NA
"436","Phvul.007G075900",NA,NA,NA,NA
"437","Phvul.007G078600",NA,NA,NA,NA
"438","Phvul.007G082700",NA,NA,NA,NA
"439","Phvul.007G104000",NA,NA,NA,NA
"440","Phvul.007G130100",NA,NA,NA,NA
"441","Phvul.007G130200",NA,NA,NA,NA
"442","Phvul.007G131500",NA,NA,NA,NA
"443","Phvul.007G132500",NA,NA,NA,NA
"444","Phvul.007G141000",NA,NA,NA,NA
"445","Phvul.007G165300",NA,NA,NA,NA
"446","Phvul.007G167200",NA,NA,NA,NA
"447","Phvul.007G183200",NA,NA,NA,NA
"448","Phvul.007G186700",NA,NA,NA,NA
"449","Phvul.007G196800",NA,NA,NA,NA
"450","Phvul.007G200700",NA,NA,NA,NA
"451","Phvul.007G203400",NA,NA,NA,NA
"452","Phvul.007G219300",NA,NA,NA,NA
"453","Phvul.007G236800",NA,NA,NA,NA
"454","Phvul.007G241600",NA,NA,NA,NA
"455","Phvul.007G246700",NA,NA,NA,NA
"456","Phvul.007G269300",NA,NA,NA,NA
"457","Phvul.007G276500",NA,NA,NA,NA
"458","Phvul.007G019300",NA,NA,NA,NA
"459","Phvul.007G022100",NA,NA,NA,NA
"460","Phvul.007G026000",NA,NA,NA,NA
"461","Phvul.007G044500",NA,NA,NA,NA
"462","Phvul.007G063900",NA,NA,NA,NA
"463","Phvul.007G069500",NA,NA,NA,NA
"464","Phvul.007G070100",NA,NA,NA,NA
"465","Phvul.007G075700",NA,NA,NA,NA
"466","Phvul.007G086700",NA,NA,NA,NA
"467","Phvul.007G102300",NA,NA,NA,NA
"468","Phvul.007G113800",NA,NA,NA,NA
"469","Phvul.007G119500",NA,NA,NA,NA
"470","Phvul.007G127800",NA,NA,NA,NA
"471","Phvul.007G128600",NA,NA,NA,NA
"472","Phvul.007G137600",NA,NA,NA,NA
"473","Phvul.007G143000",NA,NA,NA,NA
"474","Phvul.007G156700",NA,NA,NA,NA
"475","Phvul.007G174100",NA,NA,NA,NA
"476","Phvul.007G182200",NA,NA,NA,NA
"477","Phvul.007G225100",NA,NA,NA,NA
"478","Phvul.007G225200",NA,NA,NA,NA
"479","Phvul.007G225300",NA,NA,NA,NA
"480","Phvul.007G235100",NA,NA,NA,NA
"481","Phvul.007G241800",NA,NA,NA,NA
"482","Phvul.007G253700",NA,NA,NA,NA
"483","Phvul.007G261100",NA,NA,NA,NA
"484","Phvul.007G265400",NA,NA,NA,NA
"485","CUFF.8901.1",NA,NA,NA,NA
"486","CUFF.9465.1",NA,NA,NA,NA
"487","Phvul.008G031800",NA,NA,NA,NA
"488","Phvul.008G047700",NA,NA,NA,NA
"489","Phvul.008G053400",NA,NA,NA,NA
"490","Phvul.008G078600",NA,NA,NA,NA
"491","Phvul.008G087000",NA,NA,NA,NA
"492","Phvul.008G087600",NA,NA,NA,NA
"493","Phvul.008G119100",NA,NA,NA,NA
"494","Phvul.008G128700",NA,NA,NA,NA
"495","Phvul.008G130100",NA,NA,NA,NA
"496","Phvul.008G139600",NA,NA,NA,NA
"497","Phvul.008G141300",NA,NA,NA,NA
"498","Phvul.008G150300",NA,NA,NA,NA
"499","Phvul.008G157700",NA,NA,NA,NA
"500","CUFF.10540.1",NA,NA,NA,NA
"501","Phvul.008G167800",NA,NA,NA,NA
"502","Phvul.008G173200",NA,NA,NA,NA
"503","Phvul.008G173300",NA,NA,NA,NA
"504","Phvul.008G176100",NA,NA,NA,NA
"505","Phvul.008G179700",NA,NA,NA,NA
"506","Phvul.008G202600",NA,NA,NA,NA
"507","Phvul.008G207700",NA,NA,NA,NA
"508","Phvul.008G213800",NA,NA,NA,NA
"509","Phvul.008G216600",NA,NA,NA,NA
"510","Phvul.008G217300",NA,NA,NA,NA
"511","Phvul.008G217500",NA,NA,NA,NA
"512","Phvul.008G217600",NA,NA,NA,NA
"513","Phvul.008G218800",NA,NA,NA,NA
"514","Phvul.008G219900",NA,NA,NA,NA
"515","Phvul.008G228000",NA,NA,NA,NA
"516","Phvul.008G266700",NA,NA,NA,NA
"517","Phvul.008G274300",NA,NA,NA,NA
"518","Phvul.008G278900",NA,NA,NA,NA
"519","Phvul.008G008200",NA,NA,NA,NA
"520","Phvul.008G014800",NA,NA,NA,NA
"521","Phvul.008G027800",NA,NA,NA,NA
"522","Phvul.008G032500",NA,NA,NA,NA
"523","Phvul.008G044800",NA,NA,NA,NA
"524","Phvul.008G047200",NA,NA,NA,NA
"525","Phvul.008G070100",NA,NA,NA,NA
"526","Phvul.008G073100",NA,NA,NA,NA
"527","Phvul.008G076500",NA,NA,NA,NA
"528","Phvul.008G084900",NA,NA,NA,NA
"529","Phvul.008G091600",NA,NA,NA,NA
"530","Phvul.008G114000",NA,NA,NA,NA
"531","Phvul.008G114100",NA,NA,NA,NA
"532","Phvul.008G116500",NA,NA,NA,NA
"533","Phvul.008G137100",NA,NA,NA,NA
"534","Phvul.008G148700",NA,NA,NA,NA
"535","Phvul.008G195400",NA,NA,NA,NA
"536","Phvul.008G196500",NA,NA,NA,NA
"537","Phvul.008G199200",NA,NA,NA,NA
"538","Phvul.008G212700",NA,NA,NA,NA
"539","Phvul.008G215600",NA,NA,NA,NA
"540","Phvul.008G223600",NA,NA,NA,NA
"541","Phvul.008G239700",NA,NA,NA,NA
"542","Phvul.008G240900",NA,NA,NA,NA
"543","Phvul.008G241700",NA,NA,NA,NA
"544","Phvul.008G249500",NA,NA,NA,NA
"545","Phvul.008G254400",NA,NA,NA,NA
"546","Phvul.008G270000",NA,NA,NA,NA
"547","Phvul.008G275000",NA,NA,NA,NA
"548","CUFF.11205.1",NA,NA,NA,NA
"549","CUFF.10521.1",NA,NA,NA,NA
"550","Phvul.009G014800",NA,NA,NA,NA
"551","Phvul.009G015500",NA,NA,NA,NA
"552","Phvul.009G016000",NA,NA,NA,NA
"553","Phvul.009G024700",NA,NA,NA,NA
"554","Phvul.009G025100",NA,NA,NA,NA
"555","Phvul.009G029000",NA,NA,NA,NA
"556","Phvul.009G045100",NA,NA,NA,NA
"557","Phvul.009G053800",NA,NA,NA,NA
"558","Phvul.009G058700",NA,NA,NA,NA
"559","Phvul.009G058900",NA,NA,NA,NA
"560","Phvul.009G059000",NA,NA,NA,NA
"561","Phvul.009G078300",NA,NA,NA,NA
"562","Phvul.009G086200",NA,NA,NA,NA
"563","Phvul.009G106400",NA,NA,NA,NA
"564","Phvul.009G124600",NA,NA,NA,NA
"565","Phvul.009G129500",NA,NA,NA,NA
"566","Phvul.009G133000",NA,NA,NA,NA
"567","Phvul.009G134700",NA,NA,NA,NA
"568","Phvul.009G145800",NA,NA,NA,NA
"569","Phvul.009G145900",NA,NA,NA,NA
"570","Phvul.009G159100",NA,NA,NA,NA
"571","Phvul.009G172200",NA,NA,NA,NA
"572","Phvul.009G178500",NA,NA,NA,NA
"573","Phvul.009G180400",NA,NA,NA,NA
"574","Phvul.009G186300",NA,NA,NA,NA
"575","Phvul.009G186500",NA,NA,NA,NA
"576","Phvul.009G187800",NA,NA,NA,NA
"577","Phvul.009G205100",NA,NA,NA,NA
"578","Phvul.009G211300",NA,NA,NA,NA
"579","Phvul.009G212400",NA,NA,NA,NA
"580","Phvul.009G218700",NA,NA,NA,NA
"581","Phvul.009G227100",NA,NA,NA,NA
"582","Phvul.009G230400",NA,NA,NA,NA
"583","Phvul.009G231800",NA,NA,NA,NA
"584","Phvul.009G232700",NA,NA,NA,NA
"585","Phvul.009G234800",NA,NA,NA,NA
"586","Phvul.009G241900",NA,NA,NA,NA
"587","Phvul.009G257100",NA,NA,NA,NA
"588","Phvul.009G261900",NA,NA,NA,NA
"589","Phvul.009G023700",NA,NA,NA,NA
"590","Phvul.009G024600",NA,NA,NA,NA
"591","Phvul.009G029500",NA,NA,NA,NA
"592","Phvul.009G038800",NA,NA,NA,NA
"593","Phvul.009G044100",NA,NA,NA,NA
"594","Phvul.009G044900",NA,NA,NA,NA
"595","Phvul.009G051100",NA,NA,NA,NA
"596","Phvul.009G053000",NA,NA,NA,NA
"597","Phvul.009G057500",NA,NA,NA,NA
"598","Phvul.009G058600",NA,NA,NA,NA
"599","Phvul.009G072900",NA,NA,NA,NA
"600","Phvul.009G075100",NA,NA,NA,NA
"601","Phvul.009G077700",NA,NA,NA,NA
"602","Phvul.009G083500",NA,NA,NA,NA
"603","Phvul.009G094000",NA,NA,NA,NA
"604","Phvul.009G105300",NA,NA,NA,NA
"605","Phvul.009G111900",NA,NA,NA,NA
"606","Phvul.009G118900",NA,NA,NA,NA
"607","Phvul.009G134300",NA,NA,NA,NA
"608","Phvul.009G144100",NA,NA,NA,NA
"609","Phvul.009G174000",NA,NA,NA,NA
"610","Phvul.009G176000",NA,NA,NA,NA
"611","Phvul.009G185800",NA,NA,NA,NA
"612","Phvul.009G187000",NA,NA,NA,NA
"613","Phvul.009G187400",NA,NA,NA,NA
"614","Phvul.009G211000",NA,NA,NA,NA
"615","Phvul.009G229500",NA,NA,NA,NA
"616","Phvul.009G233200",NA,NA,NA,NA
"617","Phvul.009G242700",NA,NA,NA,NA
"618","Phvul.010G001600",NA,NA,NA,NA
"619","Phvul.010G009400",NA,NA,NA,NA
"620","Phvul.010G012200",NA,NA,NA,NA
"621","Phvul.010G043000",NA,NA,NA,NA
"622","Phvul.010G052300",NA,NA,NA,NA
"623","Phvul.010G054000",NA,NA,NA,NA
"624","CUFF.13080.2",NA,NA,NA,NA
"625","Phvul.010G055900",NA,NA,NA,NA
"626","Phvul.010G066100",NA,NA,NA,NA
"627","Phvul.010G067200",NA,NA,NA,NA
"628","CUFF.13086.1",NA,NA,NA,NA
"629","Phvul.010G104800",NA,NA,NA,NA
"630","Phvul.010G110900",NA,NA,NA,NA
"631","Phvul.010G112600",NA,NA,NA,NA
"632","Phvul.010G116000",NA,NA,NA,NA
"633","Phvul.010G117900",NA,NA,NA,NA
"634","Phvul.010G122500",NA,NA,NA,NA
"635","Phvul.010G003000",NA,NA,NA,NA
"636","Phvul.010G007400",NA,NA,NA,NA
"637","Phvul.010G010400",NA,NA,NA,NA
"638","Phvul.010G016000",NA,NA,NA,NA
"639","Phvul.010G049300",NA,NA,NA,NA
"640","CUFF.13022.1",NA,NA,NA,NA
"641","Phvul.010G066400",NA,NA,NA,NA
"642","Phvul.010G075400",NA,NA,NA,NA
"643","Phvul.010G089500",NA,NA,NA,NA
"644","Phvul.010G095600",NA,NA,NA,NA
"645","Phvul.010G108700",NA,NA,NA,NA
"646","Phvul.010G111200",NA,NA,NA,NA
"647","Phvul.010G116600",NA,NA,NA,NA
"648","Phvul.010G117200",NA,NA,NA,NA
"649","Phvul.010G118800",NA,NA,NA,NA
"650","Phvul.010G126800",NA,NA,NA,NA
"651","Phvul.010G129200",NA,NA,NA,NA
"652","Phvul.010G139800",NA,NA,NA,NA
"653","Phvul.010G141100",NA,NA,NA,NA
"654","Phvul.010G148600",NA,NA,NA,NA
"655","Phvul.010G151000",NA,NA,NA,NA
"656","Phvul.010G155100",NA,NA,NA,NA
"657","CUFF.13073.1",NA,NA,NA,NA
"658","CUFF.13074.1",NA,NA,NA,NA
"659","CUFF.13242.1",NA,NA,NA,NA
"660","Phvul.011G001400",NA,NA,NA,NA
"661","Phvul.011G010600",NA,NA,NA,NA
"662","Phvul.011G025600",NA,NA,NA,NA
"663","Phvul.011G028200",NA,NA,NA,NA
"664","Phvul.011G036900",NA,NA,NA,NA
"665","Phvul.011G047500",NA,NA,NA,NA
"666","Phvul.011G048700",NA,NA,NA,NA
"667","Phvul.011G050000",NA,NA,NA,NA
"668","Phvul.011G060200",NA,NA,NA,NA
"669","Phvul.011G067100",NA,NA,NA,NA
"670","Phvul.011G077600",NA,NA,NA,NA
"671","Phvul.011G086400",NA,NA,NA,NA
"672","Phvul.011G089900",NA,NA,NA,NA
"673","Phvul.011G095300",NA,NA,NA,NA
"674","Phvul.011G095400",NA,NA,NA,NA
"675","Phvul.011G096800",NA,NA,NA,NA
"676","Phvul.011G099500",NA,NA,NA,NA
"677","Phvul.011G110800",NA,NA,NA,NA
"678","Phvul.011G110900",NA,NA,NA,NA
"679","Phvul.011G112800",NA,NA,NA,NA
"680","Phvul.011G124000",NA,NA,NA,NA
"681","Phvul.011G132600",NA,NA,NA,NA
"682","Phvul.011G135600",NA,NA,NA,NA
"683","Phvul.011G145900",NA,NA,NA,NA
"684","Phvul.011G153400",NA,NA,NA,NA
"685","Phvul.011G157400",NA,NA,NA,NA
"686","Phvul.011G166900",NA,NA,NA,NA
"687","Phvul.011G180400",NA,NA,NA,NA
"688","Phvul.011G183700",NA,NA,NA,NA
"689","Phvul.011G183800",NA,NA,NA,NA
"690","Phvul.011G185500",NA,NA,NA,NA
"691","Phvul.011G203000",NA,NA,NA,NA
"692","Phvul.011G212600",NA,NA,NA,NA
"693","Phvul.011G213800",NA,NA,NA,NA
"694","Phvul.011G005900",NA,NA,NA,NA
"695","Phvul.011G018000",NA,NA,NA,NA
"696","Phvul.011G028600",NA,NA,NA,NA
"697","Phvul.011G045000",NA,NA,NA,NA
"698","Phvul.011G059400",NA,NA,NA,NA
"699","Phvul.011G079300",NA,NA,NA,NA
"700","Phvul.011G080100",NA,NA,NA,NA
"701","Phvul.011G080600",NA,NA,NA,NA
"702","Phvul.011G083100",NA,NA,NA,NA
"703","Phvul.011G091600",NA,NA,NA,NA
"704","Phvul.011G105500",NA,NA,NA,NA
"705","Phvul.011G107000",NA,NA,NA,NA
"706","CUFF.14355.1",NA,NA,NA,NA
"707","Phvul.011G138300",NA,NA,NA,NA
"708","Phvul.011G141400",NA,NA,NA,NA
"709","Phvul.011G174700",NA,NA,NA,NA
"710","Phvul.011G178800",NA,NA,NA,NA
"711","Phvul.011G190300",NA,NA,NA,NA
"712","Phvul.011G206100",NA,NA,NA,NA
"713","Phvul.011G210800",NA,NA,NA,NA
"714","Phvul.011G211100",NA,NA,NA,NA
"715","Phvul.011G212800",NA,NA,NA,NA
"716","Phvul.011G215100",NA,NA,NA,NA
"717","CUFF.13720.1",NA,NA,NA,NA
"718","CUFF.14372.1",NA,NA,NA,NA
"719","CUFF.14805.1",NA,NA,NA,NA
"720","Phvul.L010300",NA,NA,NA,NA
"721","CUFF.14856.1",NA,NA,NA,NA
"722","Phvul.L004900",NA,NA,NA,NA
"723",NA,NA,NA,NA,NA
